date,actual,predicted,ci_low,ci_high
2016-05-12,46.125,143.42105004074537,33.4225855703304,253.41951451116034
2016-05-13,32.291666666666664,108.8835522163281,-22.816128779324657,240.58323321198085
2016-05-14,41.958333333333336,91.92762442949717,-42.7414771312348,226.59672599022915
2016-05-15,36.041666666666664,83.28234964364785,-51.50475031983629,218.069449607132
2016-05-16,22.5,83.56913720170897,-51.22412044655738,218.36239484997532
2016-05-17,60.75,83.92352111534282,-50.88244453148155,218.7294867621672
2016-05-18,62.791666666666664,78.016389126723,-56.79320859991793,212.82598685336393
2016-05-19,90.79166666666667,79.36505095806638,-55.583404793793534,214.3135067099263
2016-05-20,96.83333333333333,81.25520087690668,-53.748267274900115,216.25866902871348
2016-05-21,81.25,82.15023553170948,-52.86100807751225,217.16147914093122
2016-05-22,53.083333333333336,82.59438155403026,-52.41712953563183,217.60589264369236
2016-05-23,68.625,82.57143718460827,-52.4400980275673,217.58297239678384
2016-05-24,23.5,82.54965536293419,-52.46191757237516,217.56122829824352
2016-05-25,13.166666666666666,82.86036275026044,-52.151220237173334,217.8719457376942
2016-05-26,22.375,82.78939953494282,-52.22256732881601,217.80136639870165
2016-05-27,45.833333333333336,82.6899687362421,-52.32215030822596,217.70208778071014
2016-05-28,43.541666666666664,82.64290017645526,-52.369240381028064,217.65504073393856
2016-05-29,32.25,82.61952565022906,-52.392615647231,217.63166694768913
2016-05-30,84.375,82.6207395109553,-52.39140185326957,217.63288087518018
2016-05-31,45.5,82.62188417713543,-52.390257291474626,217.63402564574548
2016-06-01,33.833333333333336,82.60550408894565,-52.4066374074784,217.6176455853697
2016-06-02,47.041666666666664,82.60924307693054,-52.40289948576216,217.62138563962324
2016-06-03,88.875,82.61448358118153,-52.39765940428879,217.62662656665185
2016-06-04,89.16666666666667,82.61696451058248,-52.39517853466168,217.62910755582664
2016-06-05,79.375,82.61819662227575,-52.39394642502512,217.6303396695766
2016-06-06,100.72916666666667,82.61813268533894,-52.3940103621473,217.63027573282517
2016-06-07,66.95833333333333,82.61807236851998,-52.39407067925622,217.63021541629615
2016-06-08,139.70833333333334,82.6189357477775,-52.39320730007597,217.63107879563097
2016-06-09,117.75,82.61873866920237,-52.393404381613465,217.6308817200182
2016-06-10,56.75,82.61846244706419,-52.39368060492623,217.6306054990546
2016-06-11,11.833333333333334,82.61833167949663,-52.393811372659854,217.63047473165312
2016-06-12,71.66666666666667,82.61826673609534,-52.393876316066866,217.63040978825754
2016-06-13,54.541666666666664,82.61827010611592,-52.3938729460468,217.63041315827863
2016-06-14,43.416666666666664,82.61827328536705,-52.393869766796485,217.6304163375306
2016-06-15,21.291666666666668,82.61822777764746,-52.393915274516274,217.6303708298112
2016-06-16,29.583333333333332,82.61823816544245,-52.39390488672953,217.63038121761443
2016-06-17,28.208333333333332,82.61825272479871,-52.39389032737651,217.63039577697393
2016-06-18,46.916666666666664,82.61825961740817,-52.3938834347675,217.63040266958384
2016-06-19,72.0,82.61826304050047,-52.393880011675236,217.63040609267617
2016-06-20,97.16666666666667,82.61826286287027,-52.393880189305435,217.63040591504597
2016-06-21,102.125,82.61826269529547,-52.39388035688023,217.63040574747117
2016-06-22,59.583333333333336,82.6182650939555,-52.3938779582202,217.6304081461312
2016-06-23,85.04166666666667,82.61826454642667,-52.39387850574906,217.6304075986024
2016-06-24,18.0,82.6182637790196,-52.39387927315613,217.63040683119533
2016-06-25,16.5,82.61826341571802,-52.39387963645771,217.63040646789375
2016-06-26,42.791666666666664,82.61826323529073,-52.393879816885004,217.63040628746646
2016-06-27,63.416666666666664,82.6182632446534,-52.393879807522325,217.63040629682914
2016-06-28,82.41666666666667,82.61826325348608,-52.39387979868965,217.6304063056618
2016-06-29,139.04166666666666,82.61826312705544,-52.39387992512029,217.63040617923116
2016-06-30,80.33333333333333,82.61826315591506,-52.39387989626067,217.6304062080908
2016-07-01,14.458333333333334,82.61826319636421,-52.39387985581152,217.63040624853994
2016-07-02,51.145833333333336,82.61826321551342,-52.39387983666231,217.63040626768915
2016-07-03,90.375,82.61826322502354,-52.39387982715219,217.63040627719926
2016-07-04,145.79166666666666,82.61826322453004,-52.39387982764569,217.63040627670577
2016-07-05,109.58333333333333,82.61826322406449,-52.39387982811124,217.63040627624022
2016-07-06,80.29166666666667,82.6182632307285,-52.39387982144723,217.63040628290423
2016-07-07,120.16666666666667,82.61826322920734,-52.39387982296839,217.63040628138307
2016-07-08,109.16666666666667,82.61826322707532,-52.39387982510041,217.63040627925105
2016-07-09,97.66666666666667,82.61826322606598,-52.39387982610975,217.6304062782417
2016-07-10,103.375,82.61826322556472,-52.39387982661101,217.63040627774046
2016-07-11,105.16666666666667,82.61826322559074,-52.39387982658499,217.63040627776647
2016-07-12,39.041666666666664,82.61826322561527,-52.393879826560465,217.630406277791
2016-07-13,16.291666666666668,82.61826322526402,-52.393879826911714,217.63040627743976
2016-07-14,31.354166666666668,82.6182632253442,-52.39387982683154,217.6304062775199
2016-07-15,41.125,82.61826322545657,-52.39387982671916,217.6304062776323
2016-07-16,45.708333333333336,82.61826322550976,-52.393879826665966,217.6304062776855
2016-07-17,87.875,82.6182632255362,-52.393879826639534,217.63040627771193
2016-07-18,126.33333333333333,82.61826322553483,-52.3938798266409,217.63040627771056
2016-07-19,121.83333333333333,82.61826322553354,-52.39387982664219,217.63040627770926
2016-07-20,47.291666666666664,82.61826322555206,-52.393879826623674,217.6304062777278
2016-07-21,44.875,82.61826322554782,-52.39387982662791,217.63040627772355
2016-07-22,135.125,82.61826322554188,-52.39387982663385,217.6304062777176
2016-07-23,111.3,82.6182632255391,-52.393879826636635,217.63040627771483
2016-07-24,90.90833333333335,82.6182632255377,-52.39387982663803,217.63040627771343
2016-07-25,48.916666666666664,82.61826322553777,-52.393879826637956,217.63040627771352
2016-07-26,20.041666666666668,82.61826322553785,-52.393879826637885,217.63040627771358
2016-07-27,56.75,82.61826322553688,-52.39387982663885,217.6304062777126
2016-07-28,55.375,82.61826322553709,-52.39387982663864,217.63040627771284
2016-07-29,129.08333333333334,82.61826322553739,-52.39387982663834,217.63040627771312
2016-07-30,143.47916666666666,82.61826322553753,-52.3938798266382,217.63040627771326
2016-07-31,63.791666666666664,82.61826322553762,-52.39387982663811,217.63040627771335
2016-08-01,82.79166666666667,82.61826322553762,-52.39387982663811,217.63040627771335
2016-08-02,65.27083333333333,82.61826322553762,-52.39387982663811,217.63040627771335
2016-08-03,59.541666666666664,82.61826322553767,-52.393879826638056,217.6304062777134
2016-08-04,101.625,82.61826322553766,-52.39387982663807,217.6304062777134
2016-08-05,61.166666666666664,82.61826322553765,-52.393879826638084,217.63040627771338
2016-08-06,100.25,82.61826322553763,-52.3938798266381,217.63040627771335
2016-08-07,19.791666666666668,82.61826322553762,-52.39387982663811,217.63040627771335
2016-08-08,35.0,82.61826322553762,-52.39387982663811,217.63040627771335
2016-08-09,44.458333333333336,82.61826322553762,-52.39387982663811,217.63040627771335
2016-08-10,79.5,82.61826322553762,-52.39387982663811,217.63040627771335
2016-08-11,83.875,82.61826322553762,-52.39387982663811,217.63040627771335
2016-08-12,62.875,82.61826322553762,-52.39387982663811,217.63040627771335
2016-08-13,26.083333333333332,82.61826322553762,-52.39387982663811,217.63040627771335
2016-08-14,22.833333333333332,82.61826322553762,-52.39387982663811,217.63040627771335
2016-08-15,20.875,82.61826322553762,-52.39387982663811,217.63040627771335
2016-08-16,26.291666666666668,82.61826322553762,-52.39387982663811,217.63040627771335
2016-08-17,65.70833333333333,82.61826322553762,-52.39387982663811,217.63040627771335
2016-08-18,84.25,82.61826322553762,-52.39387982663811,217.63040627771335
2016-08-19,21.375,82.61826322553762,-52.39387982663811,217.63040627771335
2016-08-20,63.958333333333336,82.61826322553762,-52.39387982663811,217.63040627771335
2016-08-21,54.666666666666664,82.61826322553762,-52.39387982663811,217.63040627771335
2016-08-22,43.916666666666664,82.61826322553762,-52.39387982663811,217.63040627771335
2016-08-23,71.20833333333333,82.61826322553762,-52.39387982663811,217.63040627771335
2016-08-24,82.91666666666667,82.61826322553762,-52.39387982663811,217.63040627771335
2016-08-25,22.916666666666668,82.61826322553762,-52.39387982663811,217.63040627771335
2016-08-26,12.583333333333334,82.61826322553762,-52.39387982663811,217.63040627771335
2016-08-27,16.875,82.61826322553762,-52.39387982663811,217.63040627771335
2016-08-28,13.0,82.61826322553762,-52.39387982663811,217.63040627771335
2016-08-29,21.979166666666668,82.61826322553762,-52.39387982663811,217.63040627771335
2016-08-30,32.375,82.61826322553762,-52.39387982663811,217.63040627771335
2016-08-31,18.75,82.61826322553762,-52.39387982663811,217.63040627771335
2016-09-01,8.916666666666666,82.61826322553762,-52.39387982663811,217.63040627771335
2016-09-02,16.166666666666668,82.61826322553762,-52.39387982663811,217.63040627771335
2016-09-03,22.625,82.61826322553762,-52.39387982663811,217.63040627771335
2016-09-04,76.25,82.61826322553762,-52.39387982663811,217.63040627771335
2016-09-05,29.0,82.61826322553762,-52.39387982663811,217.63040627771335
2016-09-06,22.291666666666668,82.61826322553762,-52.39387982663811,217.63040627771335
2016-09-07,44.708333333333336,82.61826322553762,-52.39387982663811,217.63040627771335
2016-09-08,25.75,82.61826322553762,-52.39387982663811,217.63040627771335
2016-09-09,21.333333333333332,82.61826322553762,-52.39387982663811,217.63040627771335
2016-09-10,17.583333333333332,82.61826322553762,-52.39387982663811,217.63040627771335
2016-09-11,35.25,82.61826322553762,-52.39387982663811,217.63040627771335
2016-09-12,34.75,82.61826322553762,-52.39387982663811,217.63040627771335
2016-09-13,84.29166666666667,82.61826322553762,-52.39387982663811,217.63040627771335
2016-09-14,101.125,82.61826322553762,-52.39387982663811,217.63040627771335
2016-09-15,73.41666666666667,82.61826322553762,-52.39387982663811,217.63040627771335
2016-09-16,137.16666666666666,82.61826322553762,-52.39387982663811,217.63040627771335
2016-09-17,45.583333333333336,82.61826322553762,-52.39387982663811,217.63040627771335
2016-09-18,22.583333333333332,82.61826322553762,-52.39387982663811,217.63040627771335
2016-09-19,12.875,82.61826322553762,-52.39387982663811,217.63040627771335
2016-09-20,22.125,82.61826322553762,-52.39387982663811,217.63040627771335
2016-09-21,67.08333333333333,82.61826322553762,-52.39387982663811,217.63040627771335
2016-09-22,107.33333333333333,82.61826322553762,-52.39387982663811,217.63040627771335
2016-09-23,124.25,82.61826322553762,-52.39387982663811,217.63040627771335
2016-09-24,124.29166666666667,82.61826322553762,-52.39387982663811,217.63040627771335
2016-09-25,169.41666666666666,82.61826322553762,-52.39387982663811,217.63040627771335
2016-09-26,63.0,82.61826322553762,-52.39387982663811,217.63040627771335
2016-09-27,31.208333333333332,82.61826322553762,-52.39387982663811,217.63040627771335
2016-09-28,16.833333333333332,82.61826322553762,-52.39387982663811,217.63040627771335
2016-09-29,54.333333333333336,82.61826322553762,-52.39387982663811,217.63040627771335
2016-09-30,105.91666666666667,82.61826322553762,-52.39387982663811,217.63040627771335
2016-10-01,164.41666666666666,82.61826322553762,-52.39387982663811,217.63040627771335
2016-10-02,191.66666666666666,82.61826322553762,-52.39387982663811,217.63040627771335
2016-10-03,121.41666666666667,82.61826322553762,-52.39387982663811,217.63040627771335
2016-10-04,36.333333333333336,82.61826322553762,-52.39387982663811,217.63040627771335
2016-10-05,59.791666666666664,82.61826322553762,-52.39387982663811,217.63040627771335
2016-10-06,73.41666666666667,82.61826322553762,-52.39387982663811,217.63040627771335
2016-10-07,41.708333333333336,82.61826322553762,-52.39387982663811,217.63040627771335
2016-10-08,12.375,82.61826322553762,-52.39387982663811,217.63040627771335
2016-10-09,33.125,82.61826322553762,-52.39387982663811,217.63040627771335
2016-10-10,93.4375,82.61826322553762,-52.39387982663811,217.63040627771335
2016-10-11,119.29166666666667,82.61826322553762,-52.39387982663811,217.63040627771335
2016-10-12,76.83333333333333,82.61826322553762,-52.39387982663811,217.63040627771335
2016-10-13,161.0,82.61826322553762,-52.39387982663811,217.63040627771335
2016-10-14,249.95833333333334,82.61826322553762,-52.39387982663811,217.63040627771335
2016-10-15,208.33333333333334,82.61826322553762,-52.39387982663811,217.63040627771335
2016-10-16,113.29166666666667,82.61826322553762,-52.39387982663811,217.63040627771335
2016-10-17,74.83333333333333,82.61826322553762,-52.39387982663811,217.63040627771335
2016-10-18,135.625,82.61826322553762,-52.39387982663811,217.63040627771335
2016-10-19,206.4375,82.61826322553762,-52.39387982663811,217.63040627771335
2016-10-20,99.29166666666667,82.61826322553762,-52.39387982663811,217.63040627771335
2016-10-21,44.666666666666664,82.61826322553762,-52.39387982663811,217.63040627771335
2016-10-22,16.166666666666668,82.61826322553762,-52.39387982663811,217.63040627771335
2016-10-23,30.25,82.61826322553762,-52.39387982663811,217.63040627771335
2016-10-24,64.375,82.61826322553762,-52.39387982663811,217.63040627771335
2016-10-25,98.45833333333333,82.61826322553762,-52.39387982663811,217.63040627771335
2016-10-26,49.458333333333336,82.61826322553762,-52.39387982663811,217.63040627771335
2016-10-27,31.916666666666668,82.61826322553762,-52.39387982663811,217.63040627771335
2016-10-28,13.333333333333334,82.61826322553762,-52.39387982663811,217.63040627771335
2016-10-29,22.625,82.61826322553762,-52.39387982663811,217.63040627771335
2016-10-30,47.041666666666664,82.61826322553762,-52.39387982663811,217.63040627771335
2016-10-31,7.041666666666667,82.61826322553762,-52.39387982663811,217.63040627771335
2016-11-01,39.25,82.61826322553762,-52.39387982663811,217.63040627771335
2016-11-02,111.41666666666667,82.61826322553762,-52.39387982663811,217.63040627771335
2016-11-03,192.45833333333334,82.61826322553762,-52.39387982663811,217.63040627771335
2016-11-04,272.5416666666667,82.61826322553762,-52.39387982663811,217.63040627771335
2016-11-05,201.58333333333334,82.61826322553762,-52.39387982663811,217.63040627771335
2016-11-06,70.83333333333333,82.61826322553762,-52.39387982663811,217.63040627771335
2016-11-07,41.75,82.61826322553762,-52.39387982663811,217.63040627771335
2016-11-08,37.25,82.61826322553762,-52.39387982663811,217.63040627771335
2016-11-09,162.375,82.61826322553762,-52.39387982663811,217.63040627771335
2016-11-10,162.5,82.61826322553762,-52.39387982663811,217.63040627771335
2016-11-11,98.95833333333333,82.61826322553762,-52.39387982663811,217.63040627771335
2016-11-12,81.41666666666667,82.61826322553762,-52.39387982663811,217.63040627771335
2016-11-13,109.25,82.61826322553762,-52.39387982663811,217.63040627771335
2016-11-14,49.166666666666664,82.61826322553762,-52.39387982663811,217.63040627771335
2016-11-15,39.375,82.61826322553762,-52.39387982663811,217.63040627771335
2016-11-16,105.83333333333333,82.61826322553762,-52.39387982663811,217.63040627771335
2016-11-17,114.83333333333333,82.61826322553762,-52.39387982663811,217.63040627771335
2016-11-18,200.625,82.61826322553762,-52.39387982663811,217.63040627771335
2016-11-19,139.58333333333334,82.61826322553762,-52.39387982663811,217.63040627771335
2016-11-20,59.625,82.61826322553762,-52.39387982663811,217.63040627771335
2016-11-21,9.625,82.61826322553762,-52.39387982663811,217.63040627771335
2016-11-22,9.041666666666666,82.61826322553762,-52.39387982663811,217.63040627771335
2016-11-23,18.916666666666668,82.61826322553762,-52.39387982663811,217.63040627771335
2016-11-24,83.0,82.61826322553762,-52.39387982663811,217.63040627771335
2016-11-25,178.79166666666666,82.61826322553762,-52.39387982663811,217.63040627771335
2016-11-26,293.5416666666667,82.61826322553762,-52.39387982663811,217.63040627771335
2016-11-27,58.125,82.61826322553762,-52.39387982663811,217.63040627771335
2016-11-28,64.9375,82.61826322553762,-52.39387982663811,217.63040627771335
2016-11-29,108.75,82.61826322553762,-52.39387982663811,217.63040627771335
2016-11-30,95.58333333333333,82.61826322553762,-52.39387982663811,217.63040627771335
2016-12-01,35.0,82.61826322553762,-52.39387982663811,217.63040627771335
2016-12-02,106.125,82.61826322553762,-52.39387982663811,217.63040627771335
2016-12-03,192.91666666666666,82.61826322553762,-52.39387982663811,217.63040627771335
2016-12-04,301.0,82.61826322553762,-52.39387982663811,217.63040627771335
2016-12-05,46.375,82.61826322553762,-52.39387982663811,217.63040627771335
2016-12-06,95.70833333333333,82.61826322553762,-52.39387982663811,217.63040627771335
2016-12-07,134.95833333333334,82.61826322553762,-52.39387982663811,217.63040627771335
2016-12-08,98.375,82.61826322553762,-52.39387982663811,217.63040627771335
2016-12-09,24.75,82.61826322553762,-52.39387982663811,217.63040627771335
2016-12-10,48.333333333333336,82.61826322553762,-52.39387982663811,217.63040627771335
2016-12-11,168.70833333333334,82.61826322553762,-52.39387982663811,217.63040627771335
2016-12-12,212.0,82.61826322553762,-52.39387982663811,217.63040627771335
2016-12-13,46.625,82.61826322553762,-52.39387982663811,217.63040627771335
2016-12-14,27.708333333333332,82.61826322553762,-52.39387982663811,217.63040627771335
2016-12-15,27.833333333333332,82.61826322553762,-52.39387982663811,217.63040627771335
2016-12-16,143.875,82.61826322553762,-52.39387982663811,217.63040627771335
2016-12-17,220.79166666666666,82.61826322553762,-52.39387982663811,217.63040627771335
2016-12-18,238.33333333333334,82.61826322553762,-52.39387982663811,217.63040627771335
2016-12-19,273.7916666666667,82.61826322553762,-52.39387982663811,217.63040627771335
2016-12-20,408.1666666666667,82.61826322553762,-52.39387982663811,217.63040627771335
2016-12-21,405.9583333333333,82.61826322553762,-52.39387982663811,217.63040627771335
2016-12-22,62.208333333333336,82.61826322553762,-52.39387982663811,217.63040627771335
2016-12-23,34.541666666666664,82.61826322553762,-52.39387982663811,217.63040627771335
2016-12-24,124.625,82.61826322553762,-52.39387982663811,217.63040627771335
2016-12-25,150.125,82.61826322553762,-52.39387982663811,217.63040627771335
2016-12-26,46.125,82.61826322553762,-52.39387982663811,217.63040627771335
2016-12-27,38.541666666666664,82.61826322553762,-52.39387982663811,217.63040627771335
2016-12-28,70.20833333333333,82.61826322553762,-52.39387982663811,217.63040627771335
2016-12-29,64.6875,82.61826322553762,-52.39387982663811,217.63040627771335
2016-12-30,244.41666666666666,82.61826322553762,-52.39387982663811,217.63040627771335
2016-12-31,337.7916666666667,82.61826322553762,-52.39387982663811,217.63040627771335
2017-01-01,493.5,82.61826322553762,-52.39387982663811,217.63040627771335
2017-01-02,202.33333333333334,82.61826322553762,-52.39387982663811,217.63040627771335
2017-01-03,280.94166666666666,82.61826322553762,-52.39387982663811,217.63040627771335
2017-01-04,293.80833333333334,82.61826322553762,-52.39387982663811,217.63040627771335
2017-01-05,221.25,82.61826322553762,-52.39387982663811,217.63040627771335
2017-01-06,201.58333333333334,82.61826322553762,-52.39387982663811,217.63040627771335
2017-01-07,162.33333333333334,82.61826322553762,-52.39387982663811,217.63040627771335
2017-01-08,30.208333333333332,82.61826322553762,-52.39387982663811,217.63040627771335
2017-01-09,34.666666666666664,82.61826322553762,-52.39387982663811,217.63040627771335
2017-01-10,27.291666666666668,82.61826322553762,-52.39387982663811,217.63040627771335
2017-01-11,78.125,82.61826322553762,-52.39387982663811,217.63040627771335
2017-01-12,52.666666666666664,82.61826322553762,-52.39387982663811,217.63040627771335
2017-01-13,14.166666666666666,82.61826322553762,-52.39387982663811,217.63040627771335
2017-01-14,23.5,82.61826322553762,-52.39387982663811,217.63040627771335
2017-01-15,49.416666666666664,82.61826322553762,-52.39387982663811,217.63040627771335
2017-01-16,95.04166666666667,82.61826322553762,-52.39387982663811,217.63040627771335
2017-01-17,138.3125,82.61826322553762,-52.39387982663811,217.63040627771335
2017-01-18,39.75,82.61826322553762,-52.39387982663811,217.63040627771335
2017-01-19,49.583333333333336,82.61826322553762,-52.39387982663811,217.63040627771335
2017-01-20,22.791666666666668,82.61826322553762,-52.39387982663811,217.63040627771335
2017-01-21,26.333333333333332,82.61826322553762,-52.39387982663811,217.63040627771335
2017-01-22,27.25,82.61826322553762,-52.39387982663811,217.63040627771335
2017-01-23,31.291666666666668,82.61826322553762,-52.39387982663811,217.63040627771335
2017-01-24,90.04166666666667,82.61826322553762,-52.39387982663811,217.63040627771335
2017-01-25,179.02083333333334,82.61826322553762,-52.39387982663811,217.63040627771335
2017-01-26,161.29166666666666,82.61826322553762,-52.39387982663811,217.63040627771335
2017-01-27,61.625,82.61826322553762,-52.39387982663811,217.63040627771335
2017-01-28,359.5833333333333,82.61826322553762,-52.39387982663811,217.63040627771335
2017-01-29,40.291666666666664,82.61826322553762,-52.39387982663811,217.63040627771335
2017-01-30,28.291666666666668,82.61826322553762,-52.39387982663811,217.63040627771335
2017-01-31,86.95833333333333,82.61826322553762,-52.39387982663811,217.63040627771335
2017-02-01,36.854166666666664,82.61826322553762,-52.39387982663811,217.63040627771335
2017-02-02,89.875,82.61826322553762,-52.39387982663811,217.63040627771335
2017-02-03,165.95833333333334,82.61826322553762,-52.39387982663811,217.63040627771335
2017-02-04,263.5,82.61826322553762,-52.39387982663811,217.63040627771335
2017-02-05,11.75,82.61826322553762,-52.39387982663811,217.63040627771335
2017-02-06,12.166666666666666,82.61826322553762,-52.39387982663811,217.63040627771335
2017-02-07,75.45833333333333,82.61826322553762,-52.39387982663811,217.63040627771335
2017-02-08,32.583333333333336,82.61826322553762,-52.39387982663811,217.63040627771335
2017-02-09,6.5,82.61826322553762,-52.39387982663811,217.63040627771335
2017-02-10,6.5,82.61826322553762,-52.39387982663811,217.63040627771335
2017-02-11,48.958333333333336,82.61826322553762,-52.39387982663811,217.63040627771335
2017-02-12,109.29166666666667,82.61826322553762,-52.39387982663811,217.63040627771335
2017-02-13,95.29166666666667,82.61826322553762,-52.39387982663811,217.63040627771335
2017-02-14,183.04166666666666,82.61826322553762,-52.39387982663811,217.63040627771335
2017-02-15,220.70833333333334,82.61826322553762,-52.39387982663811,217.63040627771335
2017-02-16,114.70833333333333,82.61826322553762,-52.39387982663811,217.63040627771335
2017-02-17,22.083333333333332,82.61826322553762,-52.39387982663811,217.63040627771335
2017-02-18,86.83333333333333,82.61826322553762,-52.39387982663811,217.63040627771335
2017-02-19,103.125,82.61826322553762,-52.39387982663811,217.63040627771335
2017-02-20,10.208333333333334,82.61826322553762,-52.39387982663811,217.63040627771335
2017-02-21,54.3125,82.61826322553762,-52.39387982663811,217.63040627771335
2017-02-22,79.95833333333333,82.61826322553762,-52.39387982663811,217.63040627771335
2017-02-23,21.125,82.61826322553762,-52.39387982663811,217.63040627771335
2017-02-24,29.958333333333332,82.61826322553762,-52.39387982663811,217.63040627771335
2017-02-25,9.833333333333334,82.61826322553762,-52.39387982663811,217.63040627771335
2017-02-26,28.375,82.61826322553762,-52.39387982663811,217.63040627771335
2017-02-27,70.6875,82.61826322553762,-52.39387982663811,217.63040627771335
2017-02-28,14.395833333333334,82.61826322553762,-52.39387982663811,217.63040627771335
